{"runtime_ms":926,"counters":{"PERF_COUNT_HW_CACHE_REFERENCES":13357058,"PERF_COUNT_HW_CACHE_MISSES":10401353,"PERF_COUNT_SW_TASK_CLOCK":908640729},"energy_samples":[{"duration_ms":928,"energy":[{"pkg":83.6937255859375,"pp0":0,"dram":6.3358154296875},{"pkg":82.10430908203125,"pp0":0,"dram":5.18719482421875}]}]}
{"runtime_ms":908,"counters":{"PERF_COUNT_HW_CACHE_REFERENCES":13484839,"PERF_COUNT_HW_CACHE_MISSES":10533489,"PERF_COUNT_SW_TASK_CLOCK":892660217},"energy_samples":[{"duration_ms":909,"energy":[{"pkg":82.15301513671875,"pp0":0,"dram":6.26959228515625},{"pkg":80.25860595703125,"pp0":0,"dram":5.0863037109375}]}]}
{"runtime_ms":924,"counters":{"PERF_COUNT_HW_CACHE_REFERENCES":13353944,"PERF_COUNT_HW_CACHE_MISSES":10486902,"PERF_COUNT_SW_TASK_CLOCK":906043066},"energy_samples":[{"duration_ms":924,"energy":[{"pkg":82.75482177734375,"pp0":0,"dram":6.3486328125},{"pkg":81.49176025390625,"pp0":0,"dram":5.16387939453125}]}]}
